<?xml version="1.0" encoding="UTF-8"?><assembly xmlns:xsi="http://www.w3.org/2001/XMLSchema-instance" xsi:schemaLocation="http://maven.apache.org/plugins/maven-assembly-plugin/assembly/1.1.2 http://maven.apache.org/xsd/assembly-1.1.2.xsd">
    <id>bin</id>
    <includeBaseDirectory>false</includeBaseDirectory>
    <formats>
        <format>zip</format>
    </formats>
    <files>
        <file>
            <!-- jobInfo.properties -->
            <source>${basedir}/src/main/templates/jobInfo_template.properties
			</source>
            <outputDirectory>.</outputDirectory>
            <destName>jobInfo.properties</destName>
            <filtered>true</filtered>
        </file>
        <file>
            <!-- sh -->
            <source>${basedir}/src/main/templates/Job_run_template.sh</source>
            <outputDirectory>${talend.job.name}</outputDirectory>
            <destName>${talend.job.name}_run.sh</destName>
            <filtered>true</filtered>
        </file>
        <file>
            <!-- bat -->
            <source>${basedir}/src/main/templates/Job_run_template.bat</source>
            <outputDirectory>${talend.job.name}</outputDirectory>
            <destName>${talend.job.name}_run.bat</destName>
            <filtered>true</filtered>
        </file>
        <file>
            <!-- ps1 -->
            <source>${basedir}/src/main/templates/Job_run_template.ps1</source>
            <outputDirectory>${talend.job.name}</outputDirectory>
            <destName>${talend.job.name}_run.ps1</destName>
            <filtered>true</filtered>
        </file>
    </files>
    <fileSets>
        <fileSet>
            <!-- templates -->
            <directory>${templates.dir}</directory>
            <outputDirectory>${talend.job.name}/src/main/templates/
			</outputDirectory>
            <includes>
                <include>**</include>
            </includes>
        </fileSet>
        <fileSet>
            <!-- log4j resources -->
            <directory>${log4j.resources.dir}</directory>
            <outputDirectory>${output.resources.dir}/
			</outputDirectory>
            <includes>
                <include>log4j.xml</include>
            </includes>
        </fileSet>
        <fileSet>
            <!-- log4j.xml for running -->
            <directory>${log4j.running.dir}</directory>
            <outputDirectory>${talend.job.name}</outputDirectory>
            <includes>
                <include>log4j.xml</include>
            </includes>
        </fileSet>
        <fileSet>
            <!-- xmlMappings resources -->
            <directory>${xmlMappings.resources.dir}</directory>
            <outputDirectory>${output.resources.dir}/xmlMappings/
			</outputDirectory>
            <includes>
                <include>**/*.*</include>
            </includes>
        </fileSet>
        <fileSet>
            <!-- xmlMappings for running -->
            <directory>${xmlMappings.running.dir}</directory>
            <outputDirectory>${talend.job.name}/xmlMappings/
			</outputDirectory>
            <includes>
                <include>**/*.*</include>
            </includes>
        </fileSet>
        <fileSet>
            <!-- rules resources -->
            <directory>${rules.resources.dir}</directory>
            <outputDirectory>${output.resources.dir}/rules/
			</outputDirectory>
            <includes>
                <include>**/*.*</include>
            </includes>
        </fileSet>
        <fileSet>
            <!-- assembly_*.xml -->
            <directory>${assemblies.dir}</directory>
            <outputDirectory>${talend.job.name}/src/main/assemblies/
			</outputDirectory>
            <includes>
                <include>assembly.xml</include>
            </includes>
        </fileSet>
        <fileSet>
            <!-- pom_*.xml -->
            <directory>${poms.dir}</directory>
            <outputDirectory>${talend.job.name}</outputDirectory>
            <includes>
                <include>pom.xml</include>
            </includes>
        </fileSet>
        <fileSet>
            <!--parent pom.xml -->
            <directory>${parentpom.dir}</directory>
            <outputDirectory>.</outputDirectory>
            <includes>
                <include>pom.xml</include>
            </includes>
        </fileSet>
        <fileSet>
            <!--routines code -->
            <directory>${routinescode.dir}</directory>
            <outputDirectory>code/routines/src/main</outputDirectory>
            <includes>
                <include>**/**/*.*</include>
            </includes>
        </fileSet>
        <fileSet>
            <!--routines pom -->
            <directory>${routinespom.dir}</directory>
            <outputDirectory>code/routines/</outputDirectory>
            <includes>
                <include>pom.xml</include>
            </includes>
        </fileSet>
        <fileSet>
            <!--pigudf code -->
            <directory>${pigudfcode.dir}</directory>
            <outputDirectory>code/pigudf/src/main</outputDirectory>
            <includes>
                <include>**/**/*.*</include>
            </includes>
        </fileSet>
        <fileSet>
            <!--pifudf pom -->
            <directory>${pigudfpom.dir}</directory>
            <outputDirectory>code/pigudf/</outputDirectory>
            <includes>
                <include>pom.xml</include>
            </includes>
        </fileSet>
        <fileSet>
            <!--joblet -->
            <directory>${joblet.dir}</directory>
            <outputDirectory>jobs/</outputDirectory>
            <includes>
                <include>joblets*/**/*.*</include>
            </includes>
        </fileSet>
        <fileSet>
            <!-- add items -->
            <directory>${items.dir}</directory>
            <outputDirectory>${talend.job.name}</outputDirectory>
            <includes>
                <include>**</include>
            </includes>
        </fileSet>
        <fileSet>
            <!-- add java source codes -->
            <directory>${sourcecodes.dir}</directory>
            <outputDirectory>${talend.job.name}/src/main/java/</outputDirectory>
            <includes>
                <include>${talend.job.path}/**</include>
            </includes>
        </fileSet>
        <fileSet>
            <!-- add context resources -->
            <directory>${resources.dir}</directory>
            <outputDirectory>${output.resources.dir}/
			</outputDirectory>
            <includes>
                <include>${talend.job.path}/**</include>
            </includes>
        </fileSet>
        <fileSet>
            <!-- add test source codes -->
            <directory>${test.sourcecodes.dir}</directory>
            <outputDirectory>${talend.job.name}/src/test/java/</outputDirectory>
            <includes>
                <include>${talend.job.path}/**</include>
            </includes>
        </fileSet>
        <fileSet>
            <!-- add test context resources -->
            <directory>${test.resources.dir}</directory>
            <outputDirectory>${talend.job.name}/src/test/resources/
			</outputDirectory>
            <includes>
                <include>${talend.job.path}/**</include>
            </includes>
        </fileSet>
        <fileSet>
            <!-- junits reports -->
            <directory>${test.reports.dir}</directory>
            <outputDirectory>sunfire-reports</outputDirectory>
            <includes>
                <include>**/*.*</include>
            </includes>
        </fileSet>
        <fileSet>
            <!-- add all resources for running -->
            <directory>${contexts.running.dir}</directory>
            <outputDirectory>${talend.job.name}</outputDirectory>
            <includes>
                <include>**/*.*</include>
            </includes>
        </fileSet>
        <!-- If have children jobs, will add here -->
        <fileSet>
            <!-- microservice config files -->
            <directory>${microservice.configs.dir}</directory>
            <outputDirectory>${talend.job.name}</outputDirectory>
            <includes>
                <include>config/**</include>
            </includes>
        </fileSet>
        <fileSet>
            <!-- microservice running config files -->
            <directory>${microservice.running.configs.dir}</directory>
            <outputDirectory>${talend.job.name}</outputDirectory>
            <includes>
                <include>config/**</include>
            </includes>
        </fileSet>
    </fileSets>
    <dependencySets>
        <dependencySet>
            <outputDirectory>lib</outputDirectory>
            <includes>
                <include>org.talend.libraries:commons-httpclient-3.1:jar:6.0.0</include>
                <include>org.talend.libraries:crypto-utils:jar:6.0.0-SNAPSHOT</include>
                <include>org.talend.libraries:talend_file_enhanced_20070724:jar:6.0.0</include>
                <include>org.example.projet_big_data.code:routines:jar:7.3.1</include>
                <include>org.talend.libraries:talendcsv:jar:6.0.0</include>
                <include>org.talend.libraries:hadoop-conf-Cluster_Hadoop_Default:jar:6.0.0-SNAPSHOT</include>
            </includes>
            <outputFileNameMapping>${artifact.artifactId}.${artifact.extension}</outputFileNameMapping>
            <useProjectArtifact>false</useProjectArtifact>
        </dependencySet>
        <dependencySet>
            <outputDirectory>lib</outputDirectory>
            <includes>
                <include>org.apache.kerby:kerby-pkix:jar:1.0.0</include>
                <include>com.google.code.gson:gson:jar:2.2.4</include>
                <include>org.apache.hadoop:hadoop-annotations:jar:3.0.0-cdh6.1.1</include>
                <include>org.apache.avro:avro:jar:1.8.2-cdh6.1.1</include>
                <include>org.apache.hadoop:hadoop-yarn-api:jar:3.0.0-cdh6.1.1</include>
                <include>com.fasterxml.jackson.core:jackson-annotations:jar:2.9.5</include>
                <include>org.apache.kerby:kerb-common:jar:1.0.0</include>
                <include>org.eclipse.jetty:jetty-util:jar:9.3.20.v20170531</include>
                <include>commons-collections:commons-collections:jar:3.2.2</include>
                <include>org.apache.kerby:kerb-identity:jar:1.0.0</include>
                <include>org.apache.htrace:htrace-core4:jar:4.2.0-incubating</include>
                <include>org.apache.hadoop:hadoop-common:jar:3.0.0-cdh6.1.1</include>
                <include>org.tukaani:xz:jar:1.6</include>
                <include>commons-cli:commons-cli:jar:1.4</include>
                <include>org.apache.logging.log4j:log4j-1.2-api:jar:2.12.1</include>
                <include>javax.ws.rs:jsr311-api:jar:1.1.1</include>
                <include>org.apache.curator:curator-recipes:jar:4.0.0</include>
                <include>javax.servlet.jsp:jsp-api:jar:2.1</include>
                <include>org.apache.logging.log4j:log4j-core:jar:2.12.1</include>
                <include>org.codehaus.jackson:jackson-mapper-asl:jar:1.9.13-cloudera.1</include>
                <include>org.codehaus.woodstox:stax2-api:jar:3.1.4</include>
                <include>com.nimbusds:nimbus-jose-jwt:jar:4.41.1</include>
                <include>org.apache.kerby:kerb-crypto:jar:1.0.0</include>
                <include>org.apache.commons:commons-lang3:jar:3.7</include>
                <include>org.ow2.asm:asm:jar:5.0.4</include>
                <include>com.google.re2j:re2j:jar:1.1</include>
                <include>com.sun.jersey:jersey-servlet:jar:1.19</include>
                <include>javax.servlet:javax.servlet-api:jar:3.1.0</include>
                <include>org.apache.hadoop:hadoop-client:jar:3.0.0-cdh6.1.1</include>
                <include>org.apache.hadoop:hadoop-yarn-client:jar:3.0.0-cdh6.1.1</include>
                <include>org.apache.kerby:kerb-admin:jar:1.0.0</include>
                <include>org.apache.hadoop:hadoop-hdfs-client:jar:3.0.0-cdh6.1.1</include>
                <include>com.google.guava:guava:jar:14.0.1</include>
                <include>net.minidev:json-smart:jar:2.3</include>
                <include>org.apache.hadoop:hadoop-auth:jar:3.0.0-cdh6.1.1</include>
                <include>org.apache.kerby:kerb-simplekdc:jar:1.0.0</include>
                <include>org.apache.curator:curator-framework:jar:4.0.0</include>
                <include>org.apache.kerby:kerb-core:jar:1.0.0</include>
                <include>com.fasterxml.jackson.module:jackson-module-jaxb-annotations:jar:2.9.5</include>
                <include>org.apache.kerby:kerb-util:jar:1.0.0</include>
                <include>org.apache.commons:commons-configuration2:jar:2.1.1</include>
                <include>commons-beanutils:commons-beanutils:jar:1.9.3</include>
                <include>com.thoughtworks.paranamer:paranamer:jar:2.8</include>
                <include>org.apache.hadoop:hadoop-yarn-common:jar:3.0.0-cdh6.1.1</include>
                <include>org.apache.commons:commons-math3:jar:3.6.1</include>
                <include>net.minidev:accessors-smart:jar:1.2</include>
                <include>commons-logging:commons-logging:jar:1.2</include>
                <include>org.apache.kerby:kerb-client:jar:1.0.0</include>
                <include>com.google.protobuf:protobuf-java:jar:2.5.0</include>
                <include>org.codehaus.jackson:jackson-core-asl:jar:1.9.13</include>
                <include>org.slf4j:slf4j-api:jar:1.7.25</include>
                <include>commons-codec:commons-codec:jar:1.11</include>
                <include>org.apache.kerby:kerb-server:jar:1.0.0</include>
                <include>com.squareup.okio:okio:jar:1.6.0</include>
                <include>com.google.code.findbugs:jsr305:jar:3.0.0</include>
                <include>javax.xml.bind:jaxb-api:jar:2.2.12</include>
                <include>org.apache.logging.log4j:log4j-api:jar:2.12.1</include>
                <include>com.squareup.okhttp:okhttp:jar:2.7.5</include>
                <include>commons-net:commons-net:jar:3.1</include>
                <include>com.github.stephenc.jcip:jcip-annotations:jar:1.0-1</include>
                <include>org.xerial.snappy:snappy-java:jar:1.1.7.1</include>
                <include>org.eclipse.jetty:jetty-security:jar:9.3.20.v20170531</include>
                <include>com.fasterxml.woodstox:woodstox-core:jar:5.0.3</include>
                <include>org.apache.curator:curator-client:jar:4.0.0</include>
                <include>org.apache.kerby:kerby-util:jar:1.0.0</include>
                <include>org.apache.logging.log4j:log4j-slf4j-impl:jar:2.12.1</include>
                <include>commons-io:commons-io:jar:2.6</include>
                <include>com.sun.jersey:jersey-core:jar:1.19</include>
                <include>org.dom4j:dom4j:jar:2.1.1</include>
                <include>org.apache.hadoop:hadoop-mapreduce-client-common:jar:3.0.0-cdh6.1.1</include>
                <include>org.eclipse.jetty:jetty-webapp:jar:9.3.20.v20170531</include>
                <include>org.eclipse.jetty:jetty-xml:jar:9.3.20.v20170531</include>
                <include>org.apache.commons:commons-compress:jar:1.11</include>
                <include>commons-lang:commons-lang:jar:2.6</include>
                <include>com.fasterxml.jackson.core:jackson-core:jar:2.9.5</include>
                <include>com.fasterxml.jackson.jaxrs:jackson-jaxrs-json-provider:jar:2.9.5</include>
                <include>org.apache.hadoop:hadoop-mapreduce-client-core:jar:3.0.0-cdh6.1.1</include>
                <include>com.fasterxml.jackson.jaxrs:jackson-jaxrs-base:jar:2.9.5</include>
                <include>com.sun.jersey:jersey-client:jar:1.19</include>
                <include>org.apache.kerby:kerby-asn1:jar:1.0.0</include>
                <include>org.apache.hadoop:hadoop-mapreduce-client-jobclient:jar:3.0.0-cdh6.1.1</include>
                <include>org.apache.kerby:kerby-xdr:jar:1.0.0</include>
                <include>com.fasterxml.jackson.core:jackson-databind:jar:2.9.5</include>
                <include>org.apache.kerby:kerby-config:jar:1.0.0</include>
                <include>org.eclipse.jetty:jetty-servlet:jar:9.3.20.v20170531</include>
            </includes>
            <useProjectArtifact>false</useProjectArtifact>
        </dependencySet>
        <dependencySet>
            <outputDirectory>${talend.job.name}</outputDirectory>
            <includes>
                <include>org.example.projet_big_data.job:Alim_DLK_ActiviteProfessionnelSante:jar:0.1.0</include>
            </includes>
            <outputFileNameMapping>${artifact.build.finalName}.${artifact.extension}</outputFileNameMapping>
            <useProjectArtifact>true</useProjectArtifact>
        </dependencySet>
    </dependencySets>
</assembly>
